<?xml version="1.0"?>
<ruleset name="WordPress Coding Standards">
	<description>Sniffs for WordPress plugins</description>

	<rule ref="PHPCompatibility"/>
	<config name="testVersion" value="5.2-"/>

	<rule ref="WordPress-Core"/>
	<rule ref="WordPress-Docs"/>
	<rule ref="WordPress.WP.I18n"/>
	<config name="text_domain" value="dones"/>

	<arg value="ps"/>
	<arg name="extensions" value="php"/>

	<file>./inc</file>
	<file>./functions.php</file>

	<rule ref="PHPCompatibility.PHP.NewKeywords.t_namespaceFound">
		<exclude-pattern>inc/endpoints/*</exclude-pattern>
	</rule>
</ruleset>
